{
  "project_info": {
    "project_number": "532215187198",
    "project_id": "ellemora-d3510",
    "storage_bucket": "ellemora-d3510.appspot.com"
  },
  "client": [
    {
      "client_info": {
        "mobilesdk_app_id": "1:532215187198:android:9c8b3467754d42c5a787af",
        "android_client_info": {
          "package_name": "com.ellemora.app"
        }
      },
      "oauth_client": [],
      "api_key": [
        {
          "current_key": "AIzaSyCZa_IYGvr3ug59vux9oJHliOuigsr7rE4"
        }
      ],
      "services": {
        "appinvite_service": {
          "other_platform_oauth_client": []
        }
      }
    },
    {
      "client_info": {
        "mobilesdk_app_id": "1:532215187198:android:5df6eb0a9d224b15a787af",
        "android_client_info": {
          "package_name": "com.example.ellemora"
        }
      },
      "oauth_client": [],
      "api_key": [
        {
          "current_key": "AIzaSyCZa_IYGvr3ug59vux9oJHliOuigsr7rE4"
        }
      ],
      "services": {
        "appinvite_service": {
          "other_platform_oauth_client": []
        }
      }
    }
  ],
  "configuration_version": "1"
}