{"flutter":{"platforms":{"android":{"default":{"projectId":"ellemora-d3510","appId":"1:532215187198:android:5df6eb0a9d224b15a787af","fileOutput":"android/app/google-services.json"}},"ios":{"default":{"projectId":"ellemora-d3510","appId":"1:532215187198:ios:0969a7097ea17927a787af","uploadDebugSymbols":false,"fileOutput":"ios/Runner/GoogleService-Info.plist"}},"macos":{"default":{"projectId":"ellemora-d3510","appId":"1:532215187198:ios:0969a7097ea17927a787af","uploadDebugSymbols":false,"fileOutput":"macos/Runner/GoogleService-Info.plist"}},"dart":{"lib/firebase_options.dart":{"projectId":"ellemora-d3510","configurations":{"android":"1:532215187198:android:5df6eb0a9d224b15a787af","ios":"1:532215187198:ios:0969a7097ea17927a787af","macos":"1:532215187198:ios:0969a7097ea17927a787af","web":"1:532215187198:web:61a84a4f4a394689a787af","windows":"1:532215187198:web:02672dfdbfa5e508a787af"}}}}}}